campaign_id,ctr
1,0.05
2,0.075
3,0.083333333
4,0.0875
5,0.09
6,0.091666667
7,0.092857143
8,0.09375
9,0.094444444
10,0.095
